Lower tier local authorities Code,Accommodation type (5 categories),Observation
E06000001,Whole house or bungalow: Detached,8086
E06000001,Whole house or bungalow: Semi-detached,14537
E06000001,Whole house or bungalow: Terraced,13469
E06000001,"Flat, maisonette or apartment",4725
E06000001,A caravan or other mobile or temporary structure,115
E06000002,Whole house or bungalow: Detached,10389
E06000002,Whole house or bungalow: Semi-detached,25485
E06000002,Whole house or bungalow: Terraced,16768
E06000002,"Flat, maisonette or apartment",7569
E06000002,A caravan or other mobile or temporary structure,51
E06000003,Whole house or bungalow: Detached,12449
E06000003,Whole house or bungalow: Semi-detached,27942
E06000003,Whole house or bungalow: Terraced,15666
E06000003,"Flat, maisonette or apartment",5496
E06000003,A caravan or other mobile or temporary structure,84
E06000004,Whole house or bungalow: Detached,22209
E06000004,Whole house or bungalow: Semi-detached,35494
E06000004,Whole house or bungalow: Terraced,18298
E06000004,"Flat, maisonette or apartment",7677
E06000004,A caravan or other mobile or temporary structure,79
E06000005,Whole house or bungalow: Detached,9331
E06000005,Whole house or bungalow: Semi-detached,19148
E06000005,Whole house or bungalow: Terraced,13937
E06000005,"Flat, maisonette or apartment",6424
E06000005,A caravan or other mobile or temporary structure,78
E06000006,Whole house or bungalow: Detached,11746
E06000006,Whole house or bungalow: Semi-detached,19285
E06000006,Whole house or bungalow: Terraced,18675
E06000006,"Flat, maisonette or apartment",6119
E06000006,A caravan or other mobile or temporary structure,127
E06000007,Whole house or bungalow: Detached,22273
E06000007,Whole house or bungalow: Semi-detached,36508
E06000007,Whole house or bungalow: Terraced,20642
E06000007,"Flat, maisonette or apartment",11034
E06000007,A caravan or other mobile or temporary structure,82
E06000008,Whole house or bungalow: Detached,8945
E06000008,Whole house or bungalow: Semi-detached,17343
E06000008,Whole house or bungalow: Terraced,25507
E06000008,"Flat, maisonette or apartment",6927
E06000008,A caravan or other mobile or temporary structure,44
E06000009,Whole house or bungalow: Detached,6207
E06000009,Whole house or bungalow: Semi-detached,25548
E06000009,Whole house or bungalow: Terraced,19105
E06000009,"Flat, maisonette or apartment",13776
E06000009,A caravan or other mobile or temporary structure,154
E06000010,Whole house or bungalow: Detached,9676
E06000010,Whole house or bungalow: Semi-detached,33932
E06000010,Whole house or bungalow: Terraced,53953
E06000010,"Flat, maisonette or apartment",17749
E06000010,A caravan or other mobile or temporary structure,162
E06000011,Whole house or bungalow: Detached,53673
E06000011,Whole house or bungalow: Semi-detached,55372
E06000011,Whole house or bungalow: Terraced,28943
E06000011,"Flat, maisonette or apartment",13536
E06000011,A caravan or other mobile or temporary structure,542
E06000012,Whole house or bungalow: Detached,15597
E06000012,Whole house or bungalow: Semi-detached,24186
E06000012,Whole house or bungalow: Terraced,22044
E06000012,"Flat, maisonette or apartment",7919
E06000012,A caravan or other mobile or temporary structure,78
E06000013,Whole house or bungalow: Detached,25763
E06000013,Whole house or bungalow: Semi-detached,30620
E06000013,Whole house or bungalow: Terraced,9819
E06000013,"Flat, maisonette or apartment",6412
E06000013,A caravan or other mobile or temporary structure,559
E06000014,Whole house or bungalow: Detached,19192
E06000014,Whole house or bungalow: Semi-detached,30614
E06000014,Whole house or bungalow: Terraced,20365
E06000014,"Flat, maisonette or apartment",15002
E06000014,A caravan or other mobile or temporary structure,289
E06000015,Whole house or bungalow: Detached,25428
E06000015,Whole house or bungalow: Semi-detached,41273
E06000015,Whole house or bungalow: Terraced,23082
E06000015,"Flat, maisonette or apartment",15574
E06000015,A caravan or other mobile or temporary structure,295
E06000016,Whole house or bungalow: Detached,14467
E06000016,Whole house or bungalow: Semi-detached,46365
E06000016,Whole house or bungalow: Terraced,37181
E06000016,"Flat, maisonette or apartment",29306
E06000016,A caravan or other mobile or temporary structure,69
E06000017,Whole house or bungalow: Detached,7753
E06000017,Whole house or bungalow: Semi-detached,4710
E06000017,Whole house or bungalow: Terraced,2826
E06000017,"Flat, maisonette or apartment",1270
E06000017,A caravan or other mobile or temporary structure,135
E06000018,Whole house or bungalow: Detached,19464
E06000018,Whole house or bungalow: Semi-detached,41519
E06000018,Whole house or bungalow: Terraced,34147
E06000018,"Flat, maisonette or apartment",29461
E06000018,A caravan or other mobile or temporary structure,154
E06000019,Whole house or bungalow: Detached,35100
E06000019,Whole house or bungalow: Semi-detached,23379
E06000019,Whole house or bungalow: Terraced,13535
E06000019,"Flat, maisonette or apartment",9977
E06000019,A caravan or other mobile or temporary structure,836
E06000020,Whole house or bungalow: Detached,23899
E06000020,Whole house or bungalow: Semi-detached,29065
E06000020,Whole house or bungalow: Terraced,15539
E06000020,"Flat, maisonette or apartment",7724
E06000020,A caravan or other mobile or temporary structure,283
E06000021,Whole house or bungalow: Detached,16542
E06000021,Whole house or bungalow: Semi-detached,50860
E06000021,Whole house or bungalow: Terraced,30437
E06000021,"Flat, maisonette or apartment",12513
E06000021,A caravan or other mobile or temporary structure,48
E06000022,Whole house or bungalow: Detached,17678
E06000022,Whole house or bungalow: Semi-detached,22713
E06000022,Whole house or bungalow: Terraced,21579
E06000022,"Flat, maisonette or apartment",16969
E06000022,A caravan or other mobile or temporary structure,311
E06000023,Whole house or bungalow: Detached,11550
E06000023,Whole house or bungalow: Semi-detached,51061
E06000023,Whole house or bungalow: Terraced,61440
E06000023,"Flat, maisonette or apartment",67403
E06000023,A caravan or other mobile or temporary structure,184
E06000024,Whole house or bungalow: Detached,31344
E06000024,Whole house or bungalow: Semi-detached,28469
E06000024,Whole house or bungalow: Terraced,14314
E06000024,"Flat, maisonette or apartment",19400
E06000024,A caravan or other mobile or temporary structure,1119
E06000025,Whole house or bungalow: Detached,31401
E06000025,Whole house or bungalow: Semi-detached,40784
E06000025,Whole house or bungalow: Terraced,30133
E06000025,"Flat, maisonette or apartment",14998
E06000025,A caravan or other mobile or temporary structure,785
E06000026,Whole house or bungalow: Detached,13017
E06000026,Whole house or bungalow: Semi-detached,34537
E06000026,Whole house or bungalow: Terraced,37592
E06000026,"Flat, maisonette or apartment",29082
E06000026,A caravan or other mobile or temporary structure,330
E06000027,Whole house or bungalow: Detached,14125
E06000027,Whole house or bungalow: Semi-detached,15617
E06000027,Whole house or bungalow: Terraced,14226
E06000027,"Flat, maisonette or apartment",18796
E06000027,A caravan or other mobile or temporary structure,230
E06000030,Whole house or bungalow: Detached,21354
E06000030,Whole house or bungalow: Semi-detached,29458
E06000030,Whole house or bungalow: Terraced,27788
E06000030,"Flat, maisonette or apartment",17045
E06000030,A caravan or other mobile or temporary structure,217
E06000031,Whole house or bungalow: Detached,23554
E06000031,Whole house or bungalow: Semi-detached,27721
E06000031,Whole house or bungalow: Terraced,18495
E06000031,"Flat, maisonette or apartment",14227
E06000031,A caravan or other mobile or temporary structure,536
E06000032,Whole house or bungalow: Detached,10158
E06000032,Whole house or bungalow: Semi-detached,31781
E06000032,Whole house or bungalow: Terraced,17356
E06000032,"Flat, maisonette or apartment",19517
E06000032,A caravan or other mobile or temporary structure,127
E06000033,Whole house or bungalow: Detached,12347
E06000033,Whole house or bungalow: Semi-detached,24276
E06000033,Whole house or bungalow: Terraced,13335
E06000033,"Flat, maisonette or apartment",28295
E06000033,A caravan or other mobile or temporary structure,91
E06000034,Whole house or bungalow: Detached,8295
E06000034,Whole house or bungalow: Semi-detached,22883
E06000034,Whole house or bungalow: Terraced,19405
E06000034,"Flat, maisonette or apartment",15582
E06000034,A caravan or other mobile or temporary structure,212
E06000035,Whole house or bungalow: Detached,16046
E06000035,Whole house or bungalow: Semi-detached,34408
E06000035,Whole house or bungalow: Terraced,41983
E06000035,"Flat, maisonette or apartment",18347
E06000035,A caravan or other mobile or temporary structure,674
E06000036,Whole house or bungalow: Detached,13532
E06000036,Whole house or bungalow: Semi-detached,10917
E06000036,Whole house or bungalow: Terraced,14477
E06000036,"Flat, maisonette or apartment",10480
E06000036,A caravan or other mobile or temporary structure,842
E06000037,Whole house or bungalow: Detached,22031
E06000037,Whole house or bungalow: Semi-detached,21690
E06000037,Whole house or bungalow: Terraced,11369
E06000037,"Flat, maisonette or apartment",10851
E06000037,A caravan or other mobile or temporary structure,717
E06000038,Whole house or bungalow: Detached,8291
E06000038,Whole house or bungalow: Semi-detached,17548
E06000038,Whole house or bungalow: Terraced,19083
E06000038,"Flat, maisonette or apartment",22625
E06000038,A caravan or other mobile or temporary structure,135
E06000039,Whole house or bungalow: Detached,5453
E06000039,Whole house or bungalow: Semi-detached,15513
E06000039,Whole house or bungalow: Terraced,13775
E06000039,"Flat, maisonette or apartment",17610
E06000039,A caravan or other mobile or temporary structure,72
E06000040,Whole house or bungalow: Detached,18704
E06000040,Whole house or bungalow: Semi-detached,15929
E06000040,Whole house or bungalow: Terraced,10908
E06000040,"Flat, maisonette or apartment",14770
E06000040,A caravan or other mobile or temporary structure,623
E06000041,Whole house or bungalow: Detached,29512
E06000041,Whole house or bungalow: Semi-detached,20178
E06000041,Whole house or bungalow: Terraced,9938
E06000041,"Flat, maisonette or apartment",8862
E06000041,A caravan or other mobile or temporary structure,674
E06000042,Whole house or bungalow: Detached,31671
E06000042,Whole house or bungalow: Semi-detached,33130
E06000042,Whole house or bungalow: Terraced,27738
E06000042,"Flat, maisonette or apartment",20485
E06000042,A caravan or other mobile or temporary structure,78
E06000043,Whole house or bungalow: Detached,12541
E06000043,Whole house or bungalow: Semi-detached,23918
E06000043,Whole house or bungalow: Terraced,24095
E06000043,"Flat, maisonette or apartment",60754
E06000043,A caravan or other mobile or temporary structure,94
E06000044,Whole house or bungalow: Detached,3864
E06000044,Whole house or bungalow: Semi-detached,14218
E06000044,Whole house or bungalow: Terraced,37361
E06000044,"Flat, maisonette or apartment",30565
E06000044,A caravan or other mobile or temporary structure,147
E06000045,Whole house or bungalow: Detached,13291
E06000045,Whole house or bungalow: Semi-detached,26344
E06000045,Whole house or bungalow: Terraced,20089
E06000045,"Flat, maisonette or apartment",42476
E06000045,A caravan or other mobile or temporary structure,93
E06000046,Whole house or bungalow: Detached,22024
E06000046,Whole house or bungalow: Semi-detached,19076
E06000046,Whole house or bungalow: Terraced,9877
E06000046,"Flat, maisonette or apartment",13349
E06000046,A caravan or other mobile or temporary structure,449
E06000047,Whole house or bungalow: Detached,48799
E06000047,Whole house or bungalow: Semi-detached,89775
E06000047,Whole house or bungalow: Terraced,83017
E06000047,"Flat, maisonette or apartment",12784
E06000047,A caravan or other mobile or temporary structure,386
E06000049,Whole house or bungalow: Detached,63928
E06000049,Whole house or bungalow: Semi-detached,56799
E06000049,Whole house or bungalow: Terraced,34980
E06000049,"Flat, maisonette or apartment",18369
E06000049,A caravan or other mobile or temporary structure,780
E06000050,Whole house or bungalow: Detached,47457
E06000050,Whole house or bungalow: Semi-detached,56297
E06000050,Whole house or bungalow: Terraced,31924
E06000050,"Flat, maisonette or apartment",18409
E06000050,A caravan or other mobile or temporary structure,1069
E06000051,Whole house or bungalow: Detached,57267
E06000051,Whole house or bungalow: Semi-detached,46762
E06000051,Whole house or bungalow: Terraced,21998
E06000051,"Flat, maisonette or apartment",12390
E06000051,A caravan or other mobile or temporary structure,1166
E06000052,Whole house or bungalow: Detached,93105
E06000052,Whole house or bungalow: Semi-detached,66437
E06000052,Whole house or bungalow: Terraced,54967
E06000052,"Flat, maisonette or apartment",32140
E06000052,A caravan or other mobile or temporary structure,3886
E06000053,Whole house or bungalow: Detached,321
E06000053,Whole house or bungalow: Semi-detached,220
E06000053,Whole house or bungalow: Terraced,166
E06000053,"Flat, maisonette or apartment",234
E06000053,A caravan or other mobile or temporary structure,1
E06000054,Whole house or bungalow: Detached,75628
E06000054,Whole house or bungalow: Semi-detached,68361
E06000054,Whole house or bungalow: Terraced,44590
E06000054,"Flat, maisonette or apartment",24977
E06000054,A caravan or other mobile or temporary structure,1525
E06000055,Whole house or bungalow: Detached,20813
E06000055,Whole house or bungalow: Semi-detached,24743
E06000055,Whole house or bungalow: Terraced,14941
E06000055,"Flat, maisonette or apartment",13796
E06000055,A caravan or other mobile or temporary structure,657
E06000056,Whole house or bungalow: Detached,35355
E06000056,Whole house or bungalow: Semi-detached,41573
E06000056,Whole house or bungalow: Terraced,28303
E06000056,"Flat, maisonette or apartment",14598
E06000056,A caravan or other mobile or temporary structure,929
E06000057,Whole house or bungalow: Detached,39981
E06000057,Whole house or bungalow: Semi-detached,53097
E06000057,Whole house or bungalow: Terraced,37801
E06000057,"Flat, maisonette or apartment",15709
E06000057,A caravan or other mobile or temporary structure,334
E06000058,Whole house or bungalow: Detached,61946
E06000058,Whole house or bungalow: Semi-detached,30018
E06000058,Whole house or bungalow: Terraced,17150
E06000058,"Flat, maisonette or apartment",64071
E06000058,A caravan or other mobile or temporary structure,657
E06000059,Whole house or bungalow: Detached,68763
E06000059,Whole house or bungalow: Semi-detached,39588
E06000059,Whole house or bungalow: Terraced,32748
E06000059,"Flat, maisonette or apartment",26126
E06000059,A caravan or other mobile or temporary structure,2036
E06000060,Whole house or bungalow: Detached,75661
E06000060,Whole house or bungalow: Semi-detached,66450
E06000060,Whole house or bungalow: Terraced,39127
E06000060,"Flat, maisonette or apartment",37935
E06000060,A caravan or other mobile or temporary structure,1155
E06000061,Whole house or bungalow: Detached,44461
E06000061,Whole house or bungalow: Semi-detached,52529
E06000061,Whole house or bungalow: Terraced,34629
E06000061,"Flat, maisonette or apartment",16631
E06000061,A caravan or other mobile or temporary structure,668
E06000062,Whole house or bungalow: Detached,54696
E06000062,Whole house or bungalow: Semi-detached,54581
E06000062,Whole house or bungalow: Terraced,39859
E06000062,"Flat, maisonette or apartment",22790
E06000062,A caravan or other mobile or temporary structure,712
E07000008,Whole house or bungalow: Detached,5700
E07000008,Whole house or bungalow: Semi-detached,13843
E07000008,Whole house or bungalow: Terraced,14478
E07000008,"Flat, maisonette or apartment",18372
E07000008,A caravan or other mobile or temporary structure,79
E07000009,Whole house or bungalow: Detached,15623
E07000009,Whole house or bungalow: Semi-detached,11946
E07000009,Whole house or bungalow: Terraced,6302
E07000009,"Flat, maisonette or apartment",2894
E07000009,A caravan or other mobile or temporary structure,439
E07000010,Whole house or bungalow: Detached,20154
E07000010,Whole house or bungalow: Semi-detached,13187
E07000010,Whole house or bungalow: Terraced,6316
E07000010,"Flat, maisonette or apartment",3948
E07000010,A caravan or other mobile or temporary structure,476
E07000011,Whole house or bungalow: Detached,30548
E07000011,Whole house or bungalow: Semi-detached,23248
E07000011,Whole house or bungalow: Terraced,13860
E07000011,"Flat, maisonette or apartment",8629
E07000011,A caravan or other mobile or temporary structure,595
E07000012,Whole house or bungalow: Detached,27602
E07000012,Whole house or bungalow: Semi-detached,22639
E07000012,Whole house or bungalow: Terraced,11247
E07000012,"Flat, maisonette or apartment",4798
E07000012,A caravan or other mobile or temporary structure,709
E07000026,Whole house or bungalow: Detached,12474
E07000026,Whole house or bungalow: Semi-detached,14914
E07000026,Whole house or bungalow: Terraced,12808
E07000026,"Flat, maisonette or apartment",3584
E07000026,A caravan or other mobile or temporary structure,193
E07000027,Whole house or bungalow: Detached,4015
E07000027,Whole house or bungalow: Semi-detached,9721
E07000027,Whole house or bungalow: Terraced,14187
E07000027,"Flat, maisonette or apartment",3052
E07000027,A caravan or other mobile or temporary structure,284
E07000028,Whole house or bungalow: Detached,12643
E07000028,Whole house or bungalow: Semi-detached,18558
E07000028,Whole house or bungalow: Terraced,13638
E07000028,"Flat, maisonette or apartment",5722
E07000028,A caravan or other mobile or temporary structure,101
E07000029,Whole house or bungalow: Detached,7572
E07000029,Whole house or bungalow: Semi-detached,11829
E07000029,Whole house or bungalow: Terraced,9096
E07000029,"Flat, maisonette or apartment",2048
E07000029,A caravan or other mobile or temporary structure,244
E07000030,Whole house or bungalow: Detached,9642
E07000030,Whole house or bungalow: Semi-detached,7623
E07000030,Whole house or bungalow: Terraced,4845
E07000030,"Flat, maisonette or apartment",2367
E07000030,A caravan or other mobile or temporary structure,135
E07000031,Whole house or bungalow: Detached,15108
E07000031,Whole house or bungalow: Semi-detached,14655
E07000031,Whole house or bungalow: Terraced,11042
E07000031,"Flat, maisonette or apartment",6660
E07000031,A caravan or other mobile or temporary structure,192
E07000032,Whole house or bungalow: Detached,20624
E07000032,Whole house or bungalow: Semi-detached,20632
E07000032,Whole house or bungalow: Terraced,11157
E07000032,"Flat, maisonette or apartment",3769
E07000032,A caravan or other mobile or temporary structure,95
E07000033,Whole house or bungalow: Detached,10298
E07000033,Whole house or bungalow: Semi-detached,15809
E07000033,Whole house or bungalow: Terraced,7091
E07000033,"Flat, maisonette or apartment",2021
E07000033,A caravan or other mobile or temporary structure,45
E07000034,Whole house or bungalow: Detached,11874
E07000034,Whole house or bungalow: Semi-detached,21594
E07000034,Whole house or bungalow: Terraced,8564
E07000034,"Flat, maisonette or apartment",5931
E07000034,A caravan or other mobile or temporary structure,95
E07000035,Whole house or bungalow: Detached,13376
E07000035,Whole house or bungalow: Semi-detached,10185
E07000035,Whole house or bungalow: Terraced,5689
E07000035,"Flat, maisonette or apartment",2987
E07000035,A caravan or other mobile or temporary structure,46
E07000036,Whole house or bungalow: Detached,14528
E07000036,Whole house or bungalow: Semi-detached,22457
E07000036,Whole house or bungalow: Terraced,9087
E07000036,"Flat, maisonette or apartment",4186
E07000036,A caravan or other mobile or temporary structure,75
E07000037,Whole house or bungalow: Detached,9765
E07000037,Whole house or bungalow: Semi-detached,12469
E07000037,Whole house or bungalow: Terraced,13482
E07000037,"Flat, maisonette or apartment",4920
E07000037,A caravan or other mobile or temporary structure,136
E07000038,Whole house or bungalow: Detached,16871
E07000038,Whole house or bungalow: Semi-detached,19949
E07000038,Whole house or bungalow: Terraced,5896
E07000038,"Flat, maisonette or apartment",3078
E07000038,A caravan or other mobile or temporary structure,193
E07000039,Whole house or bungalow: Detached,18672
E07000039,Whole house or bungalow: Semi-detached,15770
E07000039,Whole house or bungalow: Terraced,7743
E07000039,"Flat, maisonette or apartment",2686
E07000039,A caravan or other mobile or temporary structure,369
E07000040,Whole house or bungalow: Detached,25712
E07000040,Whole house or bungalow: Semi-detached,18114
E07000040,Whole house or bungalow: Terraced,12997
E07000040,"Flat, maisonette or apartment",9542
E07000040,A caravan or other mobile or temporary structure,420
E07000041,Whole house or bungalow: Detached,7943
E07000041,Whole house or bungalow: Semi-detached,14140
E07000041,Whole house or bungalow: Terraced,16458
E07000041,"Flat, maisonette or apartment",13678
E07000041,A caravan or other mobile or temporary structure,335
E07000042,Whole house or bungalow: Detached,13703
E07000042,Whole house or bungalow: Semi-detached,10433
E07000042,Whole house or bungalow: Terraced,7870
E07000042,"Flat, maisonette or apartment",3384
E07000042,A caravan or other mobile or temporary structure,243
E07000043,Whole house or bungalow: Detached,17051
E07000043,Whole house or bungalow: Semi-detached,10177
E07000043,Whole house or bungalow: Terraced,9471
E07000043,"Flat, maisonette or apartment",6084
E07000043,A caravan or other mobile or temporary structure,414
E07000044,Whole house or bungalow: Detached,15663
E07000044,Whole house or bungalow: Semi-detached,11029
E07000044,Whole house or bungalow: Terraced,8215
E07000044,"Flat, maisonette or apartment",4132
E07000044,A caravan or other mobile or temporary structure,296
E07000045,Whole house or bungalow: Detached,22214
E07000045,Whole house or bungalow: Semi-detached,15003
E07000045,Whole house or bungalow: Terraced,13183
E07000045,"Flat, maisonette or apartment",8346
E07000045,A caravan or other mobile or temporary structure,1091
E07000046,Whole house or bungalow: Detached,13191
E07000046,Whole house or bungalow: Semi-detached,6974
E07000046,Whole house or bungalow: Terraced,7037
E07000046,"Flat, maisonette or apartment",3031
E07000046,A caravan or other mobile or temporary structure,221
E07000047,Whole house or bungalow: Detached,10702
E07000047,Whole house or bungalow: Semi-detached,6570
E07000047,Whole house or bungalow: Terraced,4948
E07000047,"Flat, maisonette or apartment",2442
E07000047,A caravan or other mobile or temporary structure,156
E07000061,Whole house or bungalow: Detached,7630
E07000061,Whole house or bungalow: Semi-detached,9908
E07000061,Whole house or bungalow: Terraced,10879
E07000061,"Flat, maisonette or apartment",17160
E07000061,A caravan or other mobile or temporary structure,32
E07000062,Whole house or bungalow: Detached,7732
E07000062,Whole house or bungalow: Semi-detached,8836
E07000062,Whole house or bungalow: Terraced,9155
E07000062,"Flat, maisonette or apartment",14647
E07000062,A caravan or other mobile or temporary structure,83
E07000063,Whole house or bungalow: Detached,15290
E07000063,Whole house or bungalow: Semi-detached,11924
E07000063,Whole house or bungalow: Terraced,7923
E07000063,"Flat, maisonette or apartment",8208
E07000063,A caravan or other mobile or temporary structure,343
E07000064,Whole house or bungalow: Detached,17719
E07000064,Whole house or bungalow: Semi-detached,9620
E07000064,Whole house or bungalow: Terraced,5452
E07000064,"Flat, maisonette or apartment",9087
E07000064,A caravan or other mobile or temporary structure,224
E07000065,Whole house or bungalow: Detached,29838
E07000065,Whole house or bungalow: Semi-detached,21164
E07000065,Whole house or bungalow: Terraced,8554
E07000065,"Flat, maisonette or apartment",7870
E07000065,A caravan or other mobile or temporary structure,838
E07000066,Whole house or bungalow: Detached,16660
E07000066,Whole house or bungalow: Semi-detached,20264
E07000066,Whole house or bungalow: Terraced,24924
E07000066,"Flat, maisonette or apartment",14188
E07000066,A caravan or other mobile or temporary structure,326
E07000067,Whole house or bungalow: Detached,19060
E07000067,Whole house or bungalow: Semi-detached,22537
E07000067,Whole house or bungalow: Terraced,14498
E07000067,"Flat, maisonette or apartment",8690
E07000067,A caravan or other mobile or temporary structure,201
E07000068,Whole house or bungalow: Detached,9815
E07000068,Whole house or bungalow: Semi-detached,10320
E07000068,Whole house or bungalow: Terraced,4823
E07000068,"Flat, maisonette or apartment",7292
E07000068,A caravan or other mobile or temporary structure,92
E07000069,Whole house or bungalow: Detached,15580
E07000069,Whole house or bungalow: Semi-detached,14257
E07000069,Whole house or bungalow: Terraced,2842
E07000069,"Flat, maisonette or apartment",3524
E07000069,A caravan or other mobile or temporary structure,1186
E07000070,Whole house or bungalow: Detached,22310
E07000070,Whole house or bungalow: Semi-detached,23467
E07000070,Whole house or bungalow: Terraced,14117
E07000070,"Flat, maisonette or apartment",14895
E07000070,A caravan or other mobile or temporary structure,614
E07000071,Whole house or bungalow: Detached,24439
E07000071,Whole house or bungalow: Semi-detached,24512
E07000071,Whole house or bungalow: Terraced,14398
E07000071,"Flat, maisonette or apartment",16217
E07000071,A caravan or other mobile or temporary structure,143
E07000072,Whole house or bungalow: Detached,12611
E07000072,Whole house or bungalow: Semi-detached,17711
E07000072,Whole house or bungalow: Terraced,11716
E07000072,"Flat, maisonette or apartment",11776
E07000072,A caravan or other mobile or temporary structure,742
E07000073,Whole house or bungalow: Detached,3863
E07000073,Whole house or bungalow: Semi-detached,6551
E07000073,Whole house or bungalow: Terraced,17166
E07000073,"Flat, maisonette or apartment",10234
E07000073,A caravan or other mobile or temporary structure,43
E07000074,Whole house or bungalow: Detached,12543
E07000074,Whole house or bungalow: Semi-detached,8492
E07000074,Whole house or bungalow: Terraced,4065
E07000074,"Flat, maisonette or apartment",2506
E07000074,A caravan or other mobile or temporary structure,294
E07000075,Whole house or bungalow: Detached,11951
E07000075,Whole house or bungalow: Semi-detached,16310
E07000075,Whole house or bungalow: Terraced,2811
E07000075,"Flat, maisonette or apartment",3908
E07000075,A caravan or other mobile or temporary structure,577
E07000076,Whole house or bungalow: Detached,26999
E07000076,Whole house or bungalow: Semi-detached,21191
E07000076,Whole house or bungalow: Terraced,7435
E07000076,"Flat, maisonette or apartment",11031
E07000076,A caravan or other mobile or temporary structure,793
E07000077,Whole house or bungalow: Detached,15507
E07000077,Whole house or bungalow: Semi-detached,11427
E07000077,Whole house or bungalow: Terraced,5803
E07000077,"Flat, maisonette or apartment",3992
E07000077,A caravan or other mobile or temporary structure,229
E07000078,Whole house or bungalow: Detached,9690
E07000078,Whole house or bungalow: Semi-detached,17599
E07000078,Whole house or bungalow: Terraced,11108
E07000078,"Flat, maisonette or apartment",14175
E07000078,A caravan or other mobile or temporary structure,327
E07000079,Whole house or bungalow: Detached,15135
E07000079,Whole house or bungalow: Semi-detached,12523
E07000079,Whole house or bungalow: Terraced,8099
E07000079,"Flat, maisonette or apartment",4499
E07000079,A caravan or other mobile or temporary structure,341
E07000080,Whole house or bungalow: Detached,16649
E07000080,Whole house or bungalow: Semi-detached,12702
E07000080,Whole house or bungalow: Terraced,4983
E07000080,"Flat, maisonette or apartment",2555
E07000080,A caravan or other mobile or temporary structure,328
E07000081,Whole house or bungalow: Detached,11646
E07000081,Whole house or bungalow: Semi-detached,21950
E07000081,Whole house or bungalow: Terraced,11475
E07000081,"Flat, maisonette or apartment",10111
E07000081,A caravan or other mobile or temporary structure,225
E07000082,Whole house or bungalow: Detached,19286
E07000082,Whole house or bungalow: Semi-detached,17216
E07000082,Whole house or bungalow: Terraced,9833
E07000082,"Flat, maisonette or apartment",5716
E07000082,A caravan or other mobile or temporary structure,327
E07000083,Whole house or bungalow: Detached,14625
E07000083,Whole house or bungalow: Semi-detached,14240
E07000083,Whole house or bungalow: Terraced,7458
E07000083,"Flat, maisonette or apartment",3960
E07000083,A caravan or other mobile or temporary structure,648
E07000084,Whole house or bungalow: Detached,23193
E07000084,Whole house or bungalow: Semi-detached,19880
E07000084,Whole house or bungalow: Terraced,20736
E07000084,"Flat, maisonette or apartment",12565
E07000084,A caravan or other mobile or temporary structure,271
E07000085,Whole house or bungalow: Detached,22023
E07000085,Whole house or bungalow: Semi-detached,13606
E07000085,Whole house or bungalow: Terraced,9185
E07000085,"Flat, maisonette or apartment",7552
E07000085,A caravan or other mobile or temporary structure,353
E07000086,Whole house or bungalow: Detached,18973
E07000086,Whole house or bungalow: Semi-detached,16190
E07000086,Whole house or bungalow: Terraced,12123
E07000086,"Flat, maisonette or apartment",9245
E07000086,A caravan or other mobile or temporary structure,391
E07000087,Whole house or bungalow: Detached,17497
E07000087,Whole house or bungalow: Semi-detached,15670
E07000087,Whole house or bungalow: Terraced,8909
E07000087,"Flat, maisonette or apartment",6355
E07000087,A caravan or other mobile or temporary structure,208
E07000088,Whole house or bungalow: Detached,4824
E07000088,Whole house or bungalow: Semi-detached,9877
E07000088,Whole house or bungalow: Terraced,12601
E07000088,"Flat, maisonette or apartment",8462
E07000088,A caravan or other mobile or temporary structure,158
E07000089,Whole house or bungalow: Detached,16982
E07000089,Whole house or bungalow: Semi-detached,10238
E07000089,Whole house or bungalow: Terraced,7273
E07000089,"Flat, maisonette or apartment",5263
E07000089,A caravan or other mobile or temporary structure,210
E07000090,Whole house or bungalow: Detached,15181
E07000090,Whole house or bungalow: Semi-detached,15840
E07000090,Whole house or bungalow: Terraced,12241
E07000090,"Flat, maisonette or apartment",10137
E07000090,A caravan or other mobile or temporary structure,190
E07000091,Whole house or bungalow: Detached,35214
E07000091,Whole house or bungalow: Semi-detached,18667
E07000091,Whole house or bungalow: Terraced,11841
E07000091,"Flat, maisonette or apartment",10590
E07000091,A caravan or other mobile or temporary structure,1254
E07000092,Whole house or bungalow: Detached,6491
E07000092,Whole house or bungalow: Semi-detached,12597
E07000092,Whole house or bungalow: Terraced,9238
E07000092,"Flat, maisonette or apartment",10801
E07000092,A caravan or other mobile or temporary structure,176
E07000093,Whole house or bungalow: Detached,20554
E07000093,Whole house or bungalow: Semi-detached,14714
E07000093,Whole house or bungalow: Terraced,11883
E07000093,"Flat, maisonette or apartment",7164
E07000093,A caravan or other mobile or temporary structure,393
E07000094,Whole house or bungalow: Detached,18714
E07000094,Whole house or bungalow: Semi-detached,13334
E07000094,Whole house or bungalow: Terraced,10372
E07000094,"Flat, maisonette or apartment",8612
E07000094,A caravan or other mobile or temporary structure,683
E07000095,Whole house or bungalow: Detached,6102
E07000095,Whole house or bungalow: Semi-detached,11538
E07000095,Whole house or bungalow: Terraced,11710
E07000095,"Flat, maisonette or apartment",10331
E07000095,A caravan or other mobile or temporary structure,169
E07000096,Whole house or bungalow: Detached,13526
E07000096,Whole house or bungalow: Semi-detached,15876
E07000096,Whole house or bungalow: Terraced,18918
E07000096,"Flat, maisonette or apartment",14799
E07000096,A caravan or other mobile or temporary structure,293
E07000098,Whole house or bungalow: Detached,7985
E07000098,Whole house or bungalow: Semi-detached,13839
E07000098,Whole house or bungalow: Terraced,8700
E07000098,"Flat, maisonette or apartment",11977
E07000098,A caravan or other mobile or temporary structure,181
E07000099,Whole house or bungalow: Detached,13776
E07000099,Whole house or bungalow: Semi-detached,17305
E07000099,Whole house or bungalow: Terraced,13939
E07000099,"Flat, maisonette or apartment",11364
E07000099,A caravan or other mobile or temporary structure,348
E07000102,Whole house or bungalow: Detached,9584
E07000102,Whole house or bungalow: Semi-detached,12976
E07000102,Whole house or bungalow: Terraced,6801
E07000102,"Flat, maisonette or apartment",7227
E07000102,A caravan or other mobile or temporary structure,270
E07000103,Whole house or bungalow: Detached,4152
E07000103,Whole house or bungalow: Semi-detached,11135
E07000103,Whole house or bungalow: Terraced,9839
E07000103,"Flat, maisonette or apartment",14479
E07000103,A caravan or other mobile or temporary structure,23
E07000105,Whole house or bungalow: Detached,17509
E07000105,Whole house or bungalow: Semi-detached,16430
E07000105,Whole house or bungalow: Terraced,11909
E07000105,"Flat, maisonette or apartment",7019
E07000105,A caravan or other mobile or temporary structure,713
E07000106,Whole house or bungalow: Detached,20082
E07000106,Whole house or bungalow: Semi-detached,19750
E07000106,Whole house or bungalow: Terraced,11055
E07000106,"Flat, maisonette or apartment",12205
E07000106,A caravan or other mobile or temporary structure,701
E07000107,Whole house or bungalow: Detached,6025
E07000107,Whole house or bungalow: Semi-detached,14398
E07000107,Whole house or bungalow: Terraced,14103
E07000107,"Flat, maisonette or apartment",11031
E07000107,A caravan or other mobile or temporary structure,139
E07000108,Whole house or bungalow: Detached,11828
E07000108,Whole house or bungalow: Semi-detached,15695
E07000108,Whole house or bungalow: Terraced,14112
E07000108,"Flat, maisonette or apartment",8572
E07000108,A caravan or other mobile or temporary structure,341
E07000109,Whole house or bungalow: Detached,6837
E07000109,Whole house or bungalow: Semi-detached,13799
E07000109,Whole house or bungalow: Terraced,12511
E07000109,"Flat, maisonette or apartment",8437
E07000109,A caravan or other mobile or temporary structure,140
E07000110,Whole house or bungalow: Detached,18444
E07000110,Whole house or bungalow: Semi-detached,23687
E07000110,Whole house or bungalow: Terraced,15768
E07000110,"Flat, maisonette or apartment",12478
E07000110,A caravan or other mobile or temporary structure,831
E07000111,Whole house or bungalow: Detached,16223
E07000111,Whole house or bungalow: Semi-detached,14044
E07000111,Whole house or bungalow: Terraced,10962
E07000111,"Flat, maisonette or apartment",7199
E07000111,A caravan or other mobile or temporary structure,585
E07000112,Whole house or bungalow: Detached,13262
E07000112,Whole house or bungalow: Semi-detached,12566
E07000112,Whole house or bungalow: Terraced,10438
E07000112,"Flat, maisonette or apartment",11838
E07000112,A caravan or other mobile or temporary structure,234
E07000113,Whole house or bungalow: Detached,14477
E07000113,Whole house or bungalow: Semi-detached,20406
E07000113,Whole house or bungalow: Terraced,18041
E07000113,"Flat, maisonette or apartment",6989
E07000113,A caravan or other mobile or temporary structure,582
E07000114,Whole house or bungalow: Detached,12622
E07000114,Whole house or bungalow: Semi-detached,18441
E07000114,Whole house or bungalow: Terraced,13778
E07000114,"Flat, maisonette or apartment",16887
E07000114,A caravan or other mobile or temporary structure,472
E07000115,Whole house or bungalow: Detached,14478
E07000115,Whole house or bungalow: Semi-detached,19843
E07000115,Whole house or bungalow: Terraced,11506
E07000115,"Flat, maisonette or apartment",7502
E07000115,A caravan or other mobile or temporary structure,244
E07000116,Whole house or bungalow: Detached,13128
E07000116,Whole house or bungalow: Semi-detached,14606
E07000116,Whole house or bungalow: Terraced,8381
E07000116,"Flat, maisonette or apartment",11940
E07000116,A caravan or other mobile or temporary structure,169
E07000117,Whole house or bungalow: Detached,5650
E07000117,Whole house or bungalow: Semi-detached,11921
E07000117,Whole house or bungalow: Terraced,18580
E07000117,"Flat, maisonette or apartment",3620
E07000117,A caravan or other mobile or temporary structure,101
E07000118,Whole house or bungalow: Detached,16018
E07000118,Whole house or bungalow: Semi-detached,16548
E07000118,Whole house or bungalow: Terraced,12683
E07000118,"Flat, maisonette or apartment",4687
E07000118,A caravan or other mobile or temporary structure,196
E07000119,Whole house or bungalow: Detached,11067
E07000119,Whole house or bungalow: Semi-detached,12061
E07000119,Whole house or bungalow: Terraced,6262
E07000119,"Flat, maisonette or apartment",7583
E07000119,A caravan or other mobile or temporary structure,632
E07000120,Whole house or bungalow: Detached,4409
E07000120,Whole house or bungalow: Semi-detached,9518
E07000120,Whole house or bungalow: Terraced,17536
E07000120,"Flat, maisonette or apartment",3191
E07000120,A caravan or other mobile or temporary structure,136
E07000121,Whole house or bungalow: Detached,11657
E07000121,Whole house or bungalow: Semi-detached,22823
E07000121,Whole house or bungalow: Terraced,15302
E07000121,"Flat, maisonette or apartment",9549
E07000121,A caravan or other mobile or temporary structure,649
E07000122,Whole house or bungalow: Detached,5516
E07000122,Whole house or bungalow: Semi-detached,9318
E07000122,Whole house or bungalow: Terraced,20064
E07000122,"Flat, maisonette or apartment",3048
E07000122,A caravan or other mobile or temporary structure,120
E07000123,Whole house or bungalow: Detached,11348
E07000123,Whole house or bungalow: Semi-detached,20358
E07000123,Whole house or bungalow: Terraced,17431
E07000123,"Flat, maisonette or apartment",10420
E07000123,A caravan or other mobile or temporary structure,50
E07000124,Whole house or bungalow: Detached,9217
E07000124,Whole house or bungalow: Semi-detached,7659
E07000124,Whole house or bungalow: Terraced,7558
E07000124,"Flat, maisonette or apartment",2021
E07000124,A caravan or other mobile or temporary structure,292
E07000125,Whole house or bungalow: Detached,6634
E07000125,Whole house or bungalow: Semi-detached,8041
E07000125,Whole house or bungalow: Terraced,12675
E07000125,"Flat, maisonette or apartment",3127
E07000125,A caravan or other mobile or temporary structure,85
E07000126,Whole house or bungalow: Detached,14458
E07000126,Whole house or bungalow: Semi-detached,21651
E07000126,Whole house or bungalow: Terraced,8169
E07000126,"Flat, maisonette or apartment",4124
E07000126,A caravan or other mobile or temporary structure,186
E07000127,Whole house or bungalow: Detached,14794
E07000127,Whole house or bungalow: Semi-detached,18277
E07000127,Whole house or bungalow: Terraced,10184
E07000127,"Flat, maisonette or apartment",4724
E07000127,A caravan or other mobile or temporary structure,554
E07000128,Whole house or bungalow: Detached,15200
E07000128,Whole house or bungalow: Semi-detached,20436
E07000128,Whole house or bungalow: Terraced,8738
E07000128,"Flat, maisonette or apartment",5251
E07000128,A caravan or other mobile or temporary structure,1142
E07000129,Whole house or bungalow: Detached,16122
E07000129,Whole house or bungalow: Semi-detached,19474
E07000129,Whole house or bungalow: Terraced,4290
E07000129,"Flat, maisonette or apartment",2566
E07000129,A caravan or other mobile or temporary structure,123
E07000130,Whole house or bungalow: Detached,23765
E07000130,Whole house or bungalow: Semi-detached,28527
E07000130,Whole house or bungalow: Terraced,13215
E07000130,"Flat, maisonette or apartment",7880
E07000130,A caravan or other mobile or temporary structure,398
E07000131,Whole house or bungalow: Detached,19739
E07000131,Whole house or bungalow: Semi-detached,11794
E07000131,Whole house or bungalow: Terraced,5815
E07000131,"Flat, maisonette or apartment",2817
E07000131,A caravan or other mobile or temporary structure,248
E07000132,Whole house or bungalow: Detached,18712
E07000132,Whole house or bungalow: Semi-detached,18659
E07000132,Whole house or bungalow: Terraced,7741
E07000132,"Flat, maisonette or apartment",4166
E07000132,A caravan or other mobile or temporary structure,168
E07000133,Whole house or bungalow: Detached,9346
E07000133,Whole house or bungalow: Semi-detached,8216
E07000133,Whole house or bungalow: Terraced,3349
E07000133,"Flat, maisonette or apartment",1617
E07000133,A caravan or other mobile or temporary structure,69
E07000134,Whole house or bungalow: Detached,18472
E07000134,Whole house or bungalow: Semi-detached,15690
E07000134,Whole house or bungalow: Terraced,7550
E07000134,"Flat, maisonette or apartment",2888
E07000134,A caravan or other mobile or temporary structure,373
E07000135,Whole house or bungalow: Detached,6776
E07000135,Whole house or bungalow: Semi-detached,10683
E07000135,Whole house or bungalow: Terraced,3253
E07000135,"Flat, maisonette or apartment",1896
E07000135,A caravan or other mobile or temporary structure,8
E07000136,Whole house or bungalow: Detached,12566
E07000136,Whole house or bungalow: Semi-detached,9540
E07000136,Whole house or bungalow: Terraced,3833
E07000136,"Flat, maisonette or apartment",3321
E07000136,A caravan or other mobile or temporary structure,144
E07000137,Whole house or bungalow: Detached,32593
E07000137,Whole house or bungalow: Semi-detached,17833
E07000137,Whole house or bungalow: Terraced,7114
E07000137,"Flat, maisonette or apartment",5847
E07000137,A caravan or other mobile or temporary structure,1367
E07000138,Whole house or bungalow: Detached,8452
E07000138,Whole house or bungalow: Semi-detached,13061
E07000138,Whole house or bungalow: Terraced,12602
E07000138,"Flat, maisonette or apartment",8364
E07000138,A caravan or other mobile or temporary structure,28
E07000139,Whole house or bungalow: Detached,27549
E07000139,Whole house or bungalow: Semi-detached,15521
E07000139,Whole house or bungalow: Terraced,5282
E07000139,"Flat, maisonette or apartment",2144
E07000139,A caravan or other mobile or temporary structure,493
E07000140,Whole house or bungalow: Detached,21870
E07000140,Whole house or bungalow: Semi-detached,12661
E07000140,Whole house or bungalow: Terraced,3943
E07000140,"Flat, maisonette or apartment",2009
E07000140,A caravan or other mobile or temporary structure,220
E07000141,Whole house or bungalow: Detached,26261
E07000141,Whole house or bungalow: Semi-detached,19391
E07000141,Whole house or bungalow: Terraced,10994
E07000141,"Flat, maisonette or apartment",5479
E07000141,A caravan or other mobile or temporary structure,724
E07000142,Whole house or bungalow: Detached,20995
E07000142,Whole house or bungalow: Semi-detached,11472
E07000142,Whole house or bungalow: Terraced,7014
E07000142,"Flat, maisonette or apartment",2192
E07000142,A caravan or other mobile or temporary structure,672
E07000143,Whole house or bungalow: Detached,28226
E07000143,Whole house or bungalow: Semi-detached,17941
E07000143,Whole house or bungalow: Terraced,9687
E07000143,"Flat, maisonette or apartment",4226
E07000143,A caravan or other mobile or temporary structure,278
E07000144,Whole house or bungalow: Detached,26440
E07000144,Whole house or bungalow: Semi-detached,21802
E07000144,Whole house or bungalow: Terraced,6131
E07000144,"Flat, maisonette or apartment",2992
E07000144,A caravan or other mobile or temporary structure,398
E07000145,Whole house or bungalow: Detached,13479
E07000145,Whole house or bungalow: Semi-detached,10908
E07000145,Whole house or bungalow: Terraced,12613
E07000145,"Flat, maisonette or apartment",6937
E07000145,A caravan or other mobile or temporary structure,607
E07000146,Whole house or bungalow: Detached,29872
E07000146,Whole house or bungalow: Semi-detached,21161
E07000146,Whole house or bungalow: Terraced,9652
E07000146,"Flat, maisonette or apartment",6250
E07000146,A caravan or other mobile or temporary structure,528
E07000147,Whole house or bungalow: Detached,21614
E07000147,Whole house or bungalow: Semi-detached,14583
E07000147,Whole house or bungalow: Terraced,6963
E07000147,"Flat, maisonette or apartment",4895
E07000147,A caravan or other mobile or temporary structure,318
E07000148,Whole house or bungalow: Detached,6612
E07000148,Whole house or bungalow: Semi-detached,14029
E07000148,Whole house or bungalow: Terraced,20606
E07000148,"Flat, maisonette or apartment",23136
E07000148,A caravan or other mobile or temporary structure,76
E07000149,Whole house or bungalow: Detached,30430
E07000149,Whole house or bungalow: Semi-detached,19062
E07000149,Whole house or bungalow: Terraced,7674
E07000149,"Flat, maisonette or apartment",4023
E07000149,A caravan or other mobile or temporary structure,192
E07000163,Whole house or bungalow: Detached,6724
E07000163,Whole house or bungalow: Semi-detached,7563
E07000163,Whole house or bungalow: Terraced,8936
E07000163,"Flat, maisonette or apartment",2607
E07000163,A caravan or other mobile or temporary structure,239
E07000164,Whole house or bungalow: Detached,17377
E07000164,Whole house or bungalow: Semi-detached,12527
E07000164,Whole house or bungalow: Terraced,7817
E07000164,"Flat, maisonette or apartment",2919
E07000164,A caravan or other mobile or temporary structure,162
E07000165,Whole house or bungalow: Detached,22880
E07000165,Whole house or bungalow: Semi-detached,21976
E07000165,Whole house or bungalow: Terraced,13760
E07000165,"Flat, maisonette or apartment",11867
E07000165,A caravan or other mobile or temporary structure,686
E07000166,Whole house or bungalow: Detached,7497
E07000166,Whole house or bungalow: Semi-detached,7515
E07000166,Whole house or bungalow: Terraced,4226
E07000166,"Flat, maisonette or apartment",1624
E07000166,A caravan or other mobile or temporary structure,82
E07000167,Whole house or bungalow: Detached,10135
E07000167,Whole house or bungalow: Semi-detached,8124
E07000167,Whole house or bungalow: Terraced,4537
E07000167,"Flat, maisonette or apartment",1811
E07000167,A caravan or other mobile or temporary structure,107
E07000168,Whole house or bungalow: Detached,11922
E07000168,Whole house or bungalow: Semi-detached,17274
E07000168,Whole house or bungalow: Terraced,10684
E07000168,"Flat, maisonette or apartment",11192
E07000168,A caravan or other mobile or temporary structure,51
E07000169,Whole house or bungalow: Detached,16243
E07000169,Whole house or bungalow: Semi-detached,13615
E07000169,Whole house or bungalow: Terraced,6841
E07000169,"Flat, maisonette or apartment",2739
E07000169,A caravan or other mobile or temporary structure,122
E07000170,Whole house or bungalow: Detached,16512
E07000170,Whole house or bungalow: Semi-detached,22942
E07000170,Whole house or bungalow: Terraced,10598
E07000170,"Flat, maisonette or apartment",4405
E07000170,A caravan or other mobile or temporary structure,51
E07000171,Whole house or bungalow: Detached,18078
E07000171,Whole house or bungalow: Semi-detached,21301
E07000171,Whole house or bungalow: Terraced,8111
E07000171,"Flat, maisonette or apartment",3698
E07000171,A caravan or other mobile or temporary structure,269
E07000172,Whole house or bungalow: Detached,17519
E07000172,Whole house or bungalow: Semi-detached,17392
E07000172,Whole house or bungalow: Terraced,7816
E07000172,"Flat, maisonette or apartment",5548
E07000172,A caravan or other mobile or temporary structure,88
E07000173,Whole house or bungalow: Detached,20119
E07000173,Whole house or bungalow: Semi-detached,17741
E07000173,Whole house or bungalow: Terraced,7672
E07000173,"Flat, maisonette or apartment",5798
E07000173,A caravan or other mobile or temporary structure,222
E07000174,Whole house or bungalow: Detached,14594
E07000174,Whole house or bungalow: Semi-detached,20776
E07000174,Whole house or bungalow: Terraced,8028
E07000174,"Flat, maisonette or apartment",4503
E07000174,A caravan or other mobile or temporary structure,129
E07000175,Whole house or bungalow: Detached,20332
E07000175,Whole house or bungalow: Semi-detached,19829
E07000175,Whole house or bungalow: Terraced,8390
E07000175,"Flat, maisonette or apartment",4427
E07000175,A caravan or other mobile or temporary structure,350
E07000176,Whole house or bungalow: Detached,23373
E07000176,Whole house or bungalow: Semi-detached,15394
E07000176,Whole house or bungalow: Terraced,5600
E07000176,"Flat, maisonette or apartment",5130
E07000176,A caravan or other mobile or temporary structure,386
E07000177,Whole house or bungalow: Detached,20046
E07000177,Whole house or bungalow: Semi-detached,23194
E07000177,Whole house or bungalow: Terraced,14268
E07000177,"Flat, maisonette or apartment",8127
E07000177,A caravan or other mobile or temporary structure,262
E07000178,Whole house or bungalow: Detached,5257
E07000178,Whole house or bungalow: Semi-detached,17531
E07000178,Whole house or bungalow: Terraced,15353
E07000178,"Flat, maisonette or apartment",16968
E07000178,A caravan or other mobile or temporary structure,129
E07000179,Whole house or bungalow: Detached,21670
E07000179,Whole house or bungalow: Semi-detached,20433
E07000179,Whole house or bungalow: Terraced,11348
E07000179,"Flat, maisonette or apartment",7116
E07000179,A caravan or other mobile or temporary structure,930
E07000180,Whole house or bungalow: Detached,21151
E07000180,Whole house or bungalow: Semi-detached,17558
E07000180,Whole house or bungalow: Terraced,10387
E07000180,"Flat, maisonette or apartment",7866
E07000180,A caravan or other mobile or temporary structure,536
E07000181,Whole house or bungalow: Detached,16180
E07000181,Whole house or bungalow: Semi-detached,16129
E07000181,Whole house or bungalow: Terraced,10215
E07000181,"Flat, maisonette or apartment",5126
E07000181,A caravan or other mobile or temporary structure,331
E07000187,Whole house or bungalow: Detached,16137
E07000187,Whole house or bungalow: Semi-detached,16078
E07000187,Whole house or bungalow: Terraced,11918
E07000187,"Flat, maisonette or apartment",5944
E07000187,A caravan or other mobile or temporary structure,217
E07000188,Whole house or bungalow: Detached,17703
E07000188,Whole house or bungalow: Semi-detached,17416
E07000188,Whole house or bungalow: Terraced,11565
E07000188,"Flat, maisonette or apartment",6582
E07000188,A caravan or other mobile or temporary structure,635
E07000189,Whole house or bungalow: Detached,25568
E07000189,Whole house or bungalow: Semi-detached,23944
E07000189,Whole house or bungalow: Terraced,17476
E07000189,"Flat, maisonette or apartment",8362
E07000189,A caravan or other mobile or temporary structure,586
E07000192,Whole house or bungalow: Detached,13006
E07000192,Whole house or bungalow: Semi-detached,20293
E07000192,Whole house or bungalow: Terraced,5183
E07000192,"Flat, maisonette or apartment",4921
E07000192,A caravan or other mobile or temporary structure,54
E07000193,Whole house or bungalow: Detached,16885
E07000193,Whole house or bungalow: Semi-detached,16661
E07000193,Whole house or bungalow: Terraced,11542
E07000193,"Flat, maisonette or apartment",6045
E07000193,A caravan or other mobile or temporary structure,160
E07000194,Whole house or bungalow: Detached,17278
E07000194,Whole house or bungalow: Semi-detached,16135
E07000194,Whole house or bungalow: Terraced,6477
E07000194,"Flat, maisonette or apartment",5480
E07000194,A caravan or other mobile or temporary structure,260
E07000195,Whole house or bungalow: Detached,13642
E07000195,Whole house or bungalow: Semi-detached,23932
E07000195,Whole house or bungalow: Terraced,10341
E07000195,"Flat, maisonette or apartment",5439
E07000195,A caravan or other mobile or temporary structure,69
E07000196,Whole house or bungalow: Detached,18240
E07000196,Whole house or bungalow: Semi-detached,18073
E07000196,Whole house or bungalow: Terraced,4957
E07000196,"Flat, maisonette or apartment",4072
E07000196,A caravan or other mobile or temporary structure,779
E07000197,Whole house or bungalow: Detached,23097
E07000197,Whole house or bungalow: Semi-detached,19639
E07000197,Whole house or bungalow: Terraced,9835
E07000197,"Flat, maisonette or apartment",7134
E07000197,A caravan or other mobile or temporary structure,343
E07000198,Whole house or bungalow: Detached,17251
E07000198,Whole house or bungalow: Semi-detached,16034
E07000198,Whole house or bungalow: Terraced,6660
E07000198,"Flat, maisonette or apartment",2319
E07000198,A caravan or other mobile or temporary structure,91
E07000199,Whole house or bungalow: Detached,8763
E07000199,Whole house or bungalow: Semi-detached,12665
E07000199,Whole house or bungalow: Terraced,7052
E07000199,"Flat, maisonette or apartment",4273
E07000199,A caravan or other mobile or temporary structure,142
E07000200,Whole house or bungalow: Detached,16778
E07000200,Whole house or bungalow: Semi-detached,12119
E07000200,Whole house or bungalow: Terraced,8293
E07000200,"Flat, maisonette or apartment",2890
E07000200,A caravan or other mobile or temporary structure,120
E07000202,Whole house or bungalow: Detached,8429
E07000202,Whole house or bungalow: Semi-detached,22907
E07000202,Whole house or bungalow: Terraced,13267
E07000202,"Flat, maisonette or apartment",14831
E07000202,A caravan or other mobile or temporary structure,70
E07000203,Whole house or bungalow: Detached,20822
E07000203,Whole house or bungalow: Semi-detached,14437
E07000203,Whole house or bungalow: Terraced,6041
E07000203,"Flat, maisonette or apartment",2705
E07000203,A caravan or other mobile or temporary structure,338
E07000207,Whole house or bungalow: Detached,18146
E07000207,Whole house or bungalow: Semi-detached,14384
E07000207,Whole house or bungalow: Terraced,9232
E07000207,"Flat, maisonette or apartment",13779
E07000207,A caravan or other mobile or temporary structure,49
E07000208,Whole house or bungalow: Detached,8273
E07000208,Whole house or bungalow: Semi-detached,10935
E07000208,Whole house or bungalow: Terraced,4144
E07000208,"Flat, maisonette or apartment",7949
E07000208,A caravan or other mobile or temporary structure,20
E07000209,Whole house or bungalow: Detached,18664
E07000209,Whole house or bungalow: Semi-detached,18188
E07000209,Whole house or bungalow: Terraced,7588
E07000209,"Flat, maisonette or apartment",10856
E07000209,A caravan or other mobile or temporary structure,465
E07000210,Whole house or bungalow: Detached,13978
E07000210,Whole house or bungalow: Semi-detached,10417
E07000210,Whole house or bungalow: Terraced,4445
E07000210,"Flat, maisonette or apartment",7580
E07000210,A caravan or other mobile or temporary structure,719
E07000211,Whole house or bungalow: Detached,16679
E07000211,Whole house or bungalow: Semi-detached,17720
E07000211,Whole house or bungalow: Terraced,9596
E07000211,"Flat, maisonette or apartment",15506
E07000211,A caravan or other mobile or temporary structure,348
E07000212,Whole house or bungalow: Detached,9032
E07000212,Whole house or bungalow: Semi-detached,11190
E07000212,Whole house or bungalow: Terraced,5369
E07000212,"Flat, maisonette or apartment",8206
E07000212,A caravan or other mobile or temporary structure,1044
E07000213,Whole house or bungalow: Detached,7958
E07000213,Whole house or bungalow: Semi-detached,14290
E07000213,Whole house or bungalow: Terraced,8235
E07000213,"Flat, maisonette or apartment",11043
E07000213,A caravan or other mobile or temporary structure,278
E07000214,Whole house or bungalow: Detached,15738
E07000214,Whole house or bungalow: Semi-detached,9152
E07000214,Whole house or bungalow: Terraced,4481
E07000214,"Flat, maisonette or apartment",6423
E07000214,A caravan or other mobile or temporary structure,211
E07000215,Whole house or bungalow: Detached,12692
E07000215,Whole house or bungalow: Semi-detached,9916
E07000215,Whole house or bungalow: Terraced,4844
E07000215,"Flat, maisonette or apartment",7856
E07000215,A caravan or other mobile or temporary structure,315
E07000216,Whole house or bungalow: Detached,21167
E07000216,Whole house or bungalow: Semi-detached,14422
E07000216,Whole house or bungalow: Terraced,7463
E07000216,"Flat, maisonette or apartment",9202
E07000216,A caravan or other mobile or temporary structure,193
E07000217,Whole house or bungalow: Detached,12637
E07000217,Whole house or bungalow: Semi-detached,10246
E07000217,Whole house or bungalow: Terraced,7661
E07000217,"Flat, maisonette or apartment",10778
E07000217,A caravan or other mobile or temporary structure,117
E07000218,Whole house or bungalow: Detached,7965
E07000218,Whole house or bungalow: Semi-detached,10828
E07000218,Whole house or bungalow: Terraced,6227
E07000218,"Flat, maisonette or apartment",2428
E07000218,A caravan or other mobile or temporary structure,131
E07000219,Whole house or bungalow: Detached,14120
E07000219,Whole house or bungalow: Semi-detached,21569
E07000219,Whole house or bungalow: Terraced,13649
E07000219,"Flat, maisonette or apartment",7042
E07000219,A caravan or other mobile or temporary structure,207
E07000220,Whole house or bungalow: Detached,14350
E07000220,Whole house or bungalow: Semi-detached,15938
E07000220,Whole house or bungalow: Terraced,10615
E07000220,"Flat, maisonette or apartment",5934
E07000220,A caravan or other mobile or temporary structure,176
E07000221,Whole house or bungalow: Detached,22562
E07000221,Whole house or bungalow: Semi-detached,18740
E07000221,Whole house or bungalow: Terraced,10693
E07000221,"Flat, maisonette or apartment",6627
E07000221,A caravan or other mobile or temporary structure,842
E07000222,Whole house or bungalow: Detached,16000
E07000222,Whole house or bungalow: Semi-detached,20010
E07000222,Whole house or bungalow: Terraced,13086
E07000222,"Flat, maisonette or apartment",13372
E07000222,A caravan or other mobile or temporary structure,151
E07000223,Whole house or bungalow: Detached,5030
E07000223,Whole house or bungalow: Semi-detached,10567
E07000223,Whole house or bungalow: Terraced,5758
E07000223,"Flat, maisonette or apartment",6086
E07000223,A caravan or other mobile or temporary structure,237
E07000224,Whole house or bungalow: Detached,24179
E07000224,Whole house or bungalow: Semi-detached,18174
E07000224,Whole house or bungalow: Terraced,14057
E07000224,"Flat, maisonette or apartment",15288
E07000224,A caravan or other mobile or temporary structure,963
E07000225,Whole house or bungalow: Detached,19290
E07000225,Whole house or bungalow: Semi-detached,15378
E07000225,Whole house or bungalow: Terraced,9973
E07000225,"Flat, maisonette or apartment",8873
E07000225,A caravan or other mobile or temporary structure,604
E07000226,Whole house or bungalow: Detached,6480
E07000226,Whole house or bungalow: Semi-detached,10322
E07000226,Whole house or bungalow: Terraced,17014
E07000226,"Flat, maisonette or apartment",11673
E07000226,A caravan or other mobile or temporary structure,13
E07000227,Whole house or bungalow: Detached,23201
E07000227,Whole house or bungalow: Semi-detached,16747
E07000227,Whole house or bungalow: Terraced,10659
E07000227,"Flat, maisonette or apartment",11286
E07000227,A caravan or other mobile or temporary structure,478
E07000228,Whole house or bungalow: Detached,21657
E07000228,Whole house or bungalow: Semi-detached,18994
E07000228,Whole house or bungalow: Terraced,9960
E07000228,"Flat, maisonette or apartment",12461
E07000228,A caravan or other mobile or temporary structure,279
E07000229,Whole house or bungalow: Detached,10539
E07000229,Whole house or bungalow: Semi-detached,11725
E07000229,Whole house or bungalow: Terraced,9788
E07000229,"Flat, maisonette or apartment",17471
E07000229,A caravan or other mobile or temporary structure,15
E07000234,Whole house or bungalow: Detached,15711
E07000234,Whole house or bungalow: Semi-detached,14902
E07000234,Whole house or bungalow: Terraced,5878
E07000234,"Flat, maisonette or apartment",4410
E07000234,A caravan or other mobile or temporary structure,364
E07000235,Whole house or bungalow: Detached,15441
E07000235,Whole house or bungalow: Semi-detached,10869
E07000235,Whole house or bungalow: Terraced,3891
E07000235,"Flat, maisonette or apartment",4283
E07000235,A caravan or other mobile or temporary structure,408
E07000236,Whole house or bungalow: Detached,10014
E07000236,Whole house or bungalow: Semi-detached,11419
E07000236,Whole house or bungalow: Terraced,9393
E07000236,"Flat, maisonette or apartment",5530
E07000236,A caravan or other mobile or temporary structure,22
E07000237,Whole house or bungalow: Detached,9910
E07000237,Whole house or bungalow: Semi-detached,15668
E07000237,Whole house or bungalow: Terraced,9659
E07000237,"Flat, maisonette or apartment",9440
E07000237,A caravan or other mobile or temporary structure,44
E07000238,Whole house or bungalow: Detached,23809
E07000238,Whole house or bungalow: Semi-detached,17665
E07000238,Whole house or bungalow: Terraced,9138
E07000238,"Flat, maisonette or apartment",5876
E07000238,A caravan or other mobile or temporary structure,867
E07000239,Whole house or bungalow: Detached,13347
E07000239,Whole house or bungalow: Semi-detached,16844
E07000239,Whole house or bungalow: Terraced,8342
E07000239,"Flat, maisonette or apartment",5718
E07000239,A caravan or other mobile or temporary structure,1069
E07000240,Whole house or bungalow: Detached,15495
E07000240,Whole house or bungalow: Semi-detached,17838
E07000240,Whole house or bungalow: Terraced,11819
E07000240,"Flat, maisonette or apartment",13584
E07000240,A caravan or other mobile or temporary structure,254
E07000241,Whole house or bungalow: Detached,9217
E07000241,Whole house or bungalow: Semi-detached,11254
E07000241,Whole house or bungalow: Terraced,14814
E07000241,"Flat, maisonette or apartment",10796
E07000241,A caravan or other mobile or temporary structure,128
E07000242,Whole house or bungalow: Detached,17112
E07000242,Whole house or bungalow: Semi-detached,18799
E07000242,Whole house or bungalow: Terraced,13467
E07000242,"Flat, maisonette or apartment",12466
E07000242,A caravan or other mobile or temporary structure,178
E07000243,Whole house or bungalow: Detached,4354
E07000243,Whole house or bungalow: Semi-detached,7133
E07000243,Whole house or bungalow: Terraced,16848
E07000243,"Flat, maisonette or apartment",8161
E07000243,A caravan or other mobile or temporary structure,17
E07000244,Whole house or bungalow: Detached,43732
E07000244,Whole house or bungalow: Semi-detached,32076
E07000244,Whole house or bungalow: Terraced,23105
E07000244,"Flat, maisonette or apartment",11035
E07000244,A caravan or other mobile or temporary structure,799
E07000245,Whole house or bungalow: Detached,27589
E07000245,Whole house or bungalow: Semi-detached,22471
E07000245,Whole house or bungalow: Terraced,18429
E07000245,"Flat, maisonette or apartment",9792
E07000245,A caravan or other mobile or temporary structure,465
E07000246,Whole house or bungalow: Detached,21926
E07000246,Whole house or bungalow: Semi-detached,20782
E07000246,Whole house or bungalow: Terraced,15815
E07000246,"Flat, maisonette or apartment",10934
E07000246,A caravan or other mobile or temporary structure,529
E08000001,Whole house or bungalow: Detached,20799
E08000001,Whole house or bungalow: Semi-detached,42656
E08000001,Whole house or bungalow: Terraced,39464
E08000001,"Flat, maisonette or apartment",15782
E08000001,A caravan or other mobile or temporary structure,89
E08000002,Whole house or bungalow: Detached,15185
E08000002,Whole house or bungalow: Semi-detached,31115
E08000002,Whole house or bungalow: Terraced,22817
E08000002,"Flat, maisonette or apartment",11529
E08000002,A caravan or other mobile or temporary structure,49
E08000003,Whole house or bungalow: Detached,11603
E08000003,Whole house or bungalow: Semi-detached,68528
E08000003,Whole house or bungalow: Terraced,60020
E08000003,"Flat, maisonette or apartment",74389
E08000003,A caravan or other mobile or temporary structure,192
E08000004,Whole house or bungalow: Detached,12356
E08000004,Whole house or bungalow: Semi-detached,33440
E08000004,Whole house or bungalow: Terraced,35838
E08000004,"Flat, maisonette or apartment",11432
E08000004,A caravan or other mobile or temporary structure,74
E08000005,Whole house or bungalow: Detached,15155
E08000005,Whole house or bungalow: Semi-detached,32358
E08000005,Whole house or bungalow: Terraced,31026
E08000005,"Flat, maisonette or apartment",11590
E08000005,A caravan or other mobile or temporary structure,94
E08000006,Whole house or bungalow: Detached,10764
E08000006,Whole house or bungalow: Semi-detached,39987
E08000006,Whole house or bungalow: Terraced,29241
E08000006,"Flat, maisonette or apartment",34996
E08000006,A caravan or other mobile or temporary structure,128
E08000007,Whole house or bungalow: Detached,27416
E08000007,Whole house or bungalow: Semi-detached,52145
E08000007,Whole house or bungalow: Terraced,26512
E08000007,"Flat, maisonette or apartment",20501
E08000007,A caravan or other mobile or temporary structure,74
E08000008,Whole house or bungalow: Detached,11904
E08000008,Whole house or bungalow: Semi-detached,38449
E08000008,Whole house or bungalow: Terraced,33953
E08000008,"Flat, maisonette or apartment",15114
E08000008,A caravan or other mobile or temporary structure,106
E08000009,Whole house or bungalow: Detached,14601
E08000009,Whole house or bungalow: Semi-detached,42193
E08000009,Whole house or bungalow: Terraced,19976
E08000009,"Flat, maisonette or apartment",19468
E08000009,A caravan or other mobile or temporary structure,31
E08000010,Whole house or bungalow: Detached,27450
E08000010,Whole house or bungalow: Semi-detached,65250
E08000010,Whole house or bungalow: Terraced,37347
E08000010,"Flat, maisonette or apartment",12970
E08000010,A caravan or other mobile or temporary structure,86
E08000011,Whole house or bungalow: Detached,9929
E08000011,Whole house or bungalow: Semi-detached,28445
E08000011,Whole house or bungalow: Terraced,20845
E08000011,"Flat, maisonette or apartment",6668
E08000011,A caravan or other mobile or temporary structure,186
E08000012,Whole house or bungalow: Detached,17047
E08000012,Whole house or bungalow: Semi-detached,63639
E08000012,Whole house or bungalow: Terraced,78552
E08000012,"Flat, maisonette or apartment",48189
E08000012,A caravan or other mobile or temporary structure,64
E08000013,Whole house or bungalow: Detached,12833
E08000013,Whole house or bungalow: Semi-detached,38054
E08000013,Whole house or bungalow: Terraced,22929
E08000013,"Flat, maisonette or apartment",7146
E08000013,A caravan or other mobile or temporary structure,49
E08000014,Whole house or bungalow: Detached,19926
E08000014,Whole house or bungalow: Semi-detached,56728
E08000014,Whole house or bungalow: Terraced,22585
E08000014,"Flat, maisonette or apartment",23774
E08000014,A caravan or other mobile or temporary structure,60
E08000015,Whole house or bungalow: Detached,24892
E08000015,Whole house or bungalow: Semi-detached,59592
E08000015,Whole house or bungalow: Terraced,33594
E08000015,"Flat, maisonette or apartment",25072
E08000015,A caravan or other mobile or temporary structure,101
E08000016,Whole house or bungalow: Detached,25317
E08000016,Whole house or bungalow: Semi-detached,49183
E08000016,Whole house or bungalow: Terraced,25178
E08000016,"Flat, maisonette or apartment",8304
E08000016,A caravan or other mobile or temporary structure,73
E08000017,Whole house or bungalow: Detached,32223
E08000017,Whole house or bungalow: Semi-detached,60700
E08000017,Whole house or bungalow: Terraced,28207
E08000017,"Flat, maisonette or apartment",11501
E08000017,A caravan or other mobile or temporary structure,849
E08000018,Whole house or bungalow: Detached,25415
E08000018,Whole house or bungalow: Semi-detached,56050
E08000018,Whole house or bungalow: Terraced,20689
E08000018,"Flat, maisonette or apartment",11729
E08000018,A caravan or other mobile or temporary structure,42
E08000019,Whole house or bungalow: Detached,34839
E08000019,Whole house or bungalow: Semi-detached,88149
E08000019,Whole house or bungalow: Terraced,60285
E08000019,"Flat, maisonette or apartment",48592
E08000019,A caravan or other mobile or temporary structure,85
E08000021,Whole house or bungalow: Detached,11676
E08000021,Whole house or bungalow: Semi-detached,42492
E08000021,Whole house or bungalow: Terraced,28946
E08000021,"Flat, maisonette or apartment",39652
E08000021,A caravan or other mobile or temporary structure,32
E08000022,Whole house or bungalow: Detached,12051
E08000022,Whole house or bungalow: Semi-detached,40118
E08000022,Whole house or bungalow: Terraced,22090
E08000022,"Flat, maisonette or apartment",21958
E08000022,A caravan or other mobile or temporary structure,15
E08000023,Whole house or bungalow: Detached,6408
E08000023,Whole house or bungalow: Semi-detached,29261
E08000023,Whole house or bungalow: Terraced,18704
E08000023,"Flat, maisonette or apartment",13875
E08000023,A caravan or other mobile or temporary structure,38
E08000024,Whole house or bungalow: Detached,16201
E08000024,Whole house or bungalow: Semi-detached,55039
E08000024,Whole house or bungalow: Terraced,35518
E08000024,"Flat, maisonette or apartment",15282
E08000024,A caravan or other mobile or temporary structure,137
E08000025,Whole house or bungalow: Detached,47332
E08000025,Whole house or bungalow: Semi-detached,150608
E08000025,Whole house or bungalow: Terraced,117527
E08000025,"Flat, maisonette or apartment",107692
E08000025,A caravan or other mobile or temporary structure,297
E08000026,Whole house or bungalow: Detached,15498
E08000026,Whole house or bungalow: Semi-detached,40312
E08000026,Whole house or bungalow: Terraced,53515
E08000026,"Flat, maisonette or apartment",24587
E08000026,A caravan or other mobile or temporary structure,228
E08000027,Whole house or bungalow: Detached,29595
E08000027,Whole house or bungalow: Semi-detached,66305
E08000027,Whole house or bungalow: Terraced,21158
E08000027,"Flat, maisonette or apartment",19918
E08000027,A caravan or other mobile or temporary structure,93
E08000028,Whole house or bungalow: Detached,15453
E08000028,Whole house or bungalow: Semi-detached,57980
E08000028,Whole house or bungalow: Terraced,31724
E08000028,"Flat, maisonette or apartment",24999
E08000028,A caravan or other mobile or temporary structure,90
E08000029,Whole house or bungalow: Detached,25497
E08000029,Whole house or bungalow: Semi-detached,33536
E08000029,Whole house or bungalow: Terraced,14102
E08000029,"Flat, maisonette or apartment",16173
E08000029,A caravan or other mobile or temporary structure,175
E08000030,Whole house or bungalow: Detached,20550
E08000030,Whole house or bungalow: Semi-detached,48092
E08000030,Whole house or bungalow: Terraced,23982
E08000030,"Flat, maisonette or apartment",19390
E08000030,A caravan or other mobile or temporary structure,213
E08000031,Whole house or bungalow: Detached,17727
E08000031,Whole house or bungalow: Semi-detached,48334
E08000031,Whole house or bungalow: Terraced,17276
E08000031,"Flat, maisonette or apartment",21689
E08000031,A caravan or other mobile or temporary structure,115
E08000032,Whole house or bungalow: Detached,30851
E08000032,Whole house or bungalow: Semi-detached,76995
E08000032,Whole house or bungalow: Terraced,69168
E08000032,"Flat, maisonette or apartment",32267
E08000032,A caravan or other mobile or temporary structure,586
E08000033,Whole house or bungalow: Detached,13730
E08000033,Whole house or bungalow: Semi-detached,25842
E08000033,Whole house or bungalow: Terraced,37356
E08000033,"Flat, maisonette or apartment",13361
E08000033,A caravan or other mobile or temporary structure,189
E08000034,Whole house or bungalow: Detached,38467
E08000034,Whole house or bungalow: Semi-detached,60938
E08000034,Whole house or bungalow: Terraced,55986
E08000034,"Flat, maisonette or apartment",22397
E08000034,A caravan or other mobile or temporary structure,201
E08000035,Whole house or bungalow: Detached,52788
E08000035,Whole house or bungalow: Semi-detached,127950
E08000035,Whole house or bungalow: Terraced,85263
E08000035,"Flat, maisonette or apartment",75034
E08000035,A caravan or other mobile or temporary structure,431
E08000036,Whole house or bungalow: Detached,34197
E08000036,Whole house or bungalow: Semi-detached,68246
E08000036,Whole house or bungalow: Terraced,33718
E08000036,"Flat, maisonette or apartment",16661
E08000036,A caravan or other mobile or temporary structure,253
E08000037,Whole house or bungalow: Detached,10364
E08000037,Whole house or bungalow: Semi-detached,38460
E08000037,Whole house or bungalow: Terraced,22239
E08000037,"Flat, maisonette or apartment",17870
E08000037,A caravan or other mobile or temporary structure,66
E09000001,Whole house or bungalow: Detached,7
E09000001,Whole house or bungalow: Semi-detached,15
E09000001,Whole house or bungalow: Terraced,78
E09000001,"Flat, maisonette or apartment",4814
E09000001,A caravan or other mobile or temporary structure,0
E09000002,Whole house or bungalow: Detached,3751
E09000002,Whole house or bungalow: Semi-detached,16358
E09000002,Whole house or bungalow: Terraced,30754
E09000002,"Flat, maisonette or apartment",22979
E09000002,A caravan or other mobile or temporary structure,60
E09000003,Whole house or bungalow: Detached,15046
E09000003,Whole house or bungalow: Semi-detached,40919
E09000003,Whole house or bungalow: Terraced,22155
E09000003,"Flat, maisonette or apartment",70617
E09000003,A caravan or other mobile or temporary structure,180
E09000004,Whole house or bungalow: Detached,7054
E09000004,Whole house or bungalow: Semi-detached,42154
E09000004,Whole house or bungalow: Terraced,22536
E09000004,"Flat, maisonette or apartment",23511
E09000004,A caravan or other mobile or temporary structure,41
E09000005,Whole house or bungalow: Detached,7142
E09000005,Whole house or bungalow: Semi-detached,26467
E09000005,Whole house or bungalow: Terraced,17697
E09000005,"Flat, maisonette or apartment",67210
E09000005,A caravan or other mobile or temporary structure,96
E09000006,Whole house or bungalow: Detached,24563
E09000006,Whole house or bungalow: Semi-detached,40562
E09000006,Whole house or bungalow: Terraced,27990
E09000006,"Flat, maisonette or apartment",42484
E09000006,A caravan or other mobile or temporary structure,228
E09000007,Whole house or bungalow: Detached,1584
E09000007,Whole house or bungalow: Semi-detached,3294
E09000007,Whole house or bungalow: Terraced,7504
E09000007,"Flat, maisonette or apartment",80306
E09000007,A caravan or other mobile or temporary structure,71
E09000008,Whole house or bungalow: Detached,18714
E09000008,Whole house or bungalow: Semi-detached,37841
E09000008,Whole house or bungalow: Terraced,35580
E09000008,"Flat, maisonette or apartment",60674
E09000008,A caravan or other mobile or temporary structure,137
E09000009,Whole house or bungalow: Detached,6798
E09000009,Whole house or bungalow: Semi-detached,29225
E09000009,Whole house or bungalow: Terraced,31261
E09000009,"Flat, maisonette or apartment",66147
E09000009,A caravan or other mobile or temporary structure,228
E09000010,Whole house or bungalow: Detached,9059
E09000010,Whole house or bungalow: Semi-detached,29986
E09000010,Whole house or bungalow: Terraced,34911
E09000010,"Flat, maisonette or apartment",46856
E09000010,A caravan or other mobile or temporary structure,111
E09000011,Whole house or bungalow: Detached,4656
E09000011,Whole house or bungalow: Semi-detached,20106
E09000011,Whole house or bungalow: Terraced,30419
E09000011,"Flat, maisonette or apartment",58779
E09000011,A caravan or other mobile or temporary structure,92
E09000012,Whole house or bungalow: Detached,1433
E09000012,Whole house or bungalow: Semi-detached,3816
E09000012,Whole house or bungalow: Terraced,14729
E09000012,"Flat, maisonette or apartment",85850
E09000012,A caravan or other mobile or temporary structure,251
E09000013,Whole house or bungalow: Detached,933
E09000013,Whole house or bungalow: Semi-detached,3790
E09000013,Whole house or bungalow: Terraced,15280
E09000013,"Flat, maisonette or apartment",61145
E09000013,A caravan or other mobile or temporary structure,95
E09000014,Whole house or bungalow: Detached,4057
E09000014,Whole house or bungalow: Semi-detached,9899
E09000014,Whole house or bungalow: Terraced,26896
E09000014,"Flat, maisonette or apartment",64089
E09000014,A caravan or other mobile or temporary structure,151
E09000015,Whole house or bungalow: Detached,10174
E09000015,Whole house or bungalow: Semi-detached,33281
E09000015,Whole house or bungalow: Terraced,15136
E09000015,"Flat, maisonette or apartment",31016
E09000015,A caravan or other mobile or temporary structure,35
E09000016,Whole house or bungalow: Detached,11276
E09000016,Whole house or bungalow: Semi-detached,41729
E09000016,Whole house or bungalow: Terraced,24643
E09000016,"Flat, maisonette or apartment",23355
E09000016,A caravan or other mobile or temporary structure,274
E09000017,Whole house or bungalow: Detached,15182
E09000017,Whole house or bungalow: Semi-detached,38338
E09000017,Whole house or bungalow: Terraced,21773
E09000017,"Flat, maisonette or apartment",33650
E09000017,A caravan or other mobile or temporary structure,282
E09000018,Whole house or bungalow: Detached,5022
E09000018,Whole house or bungalow: Semi-detached,29477
E09000018,Whole house or bungalow: Terraced,21123
E09000018,"Flat, maisonette or apartment",47108
E09000018,A caravan or other mobile or temporary structure,231
E09000019,Whole house or bungalow: Detached,826
E09000019,Whole house or bungalow: Semi-detached,2639
E09000019,Whole house or bungalow: Terraced,12265
E09000019,"Flat, maisonette or apartment",80676
E09000019,A caravan or other mobile or temporary structure,90
E09000020,Whole house or bungalow: Detached,767
E09000020,Whole house or bungalow: Semi-detached,2064
E09000020,Whole house or bungalow: Terraced,8561
E09000020,"Flat, maisonette or apartment",55418
E09000020,A caravan or other mobile or temporary structure,74
E09000021,Whole house or bungalow: Detached,8284
E09000021,Whole house or bungalow: Semi-detached,20797
E09000021,Whole house or bungalow: Terraced,11300
E09000021,"Flat, maisonette or apartment",25149
E09000021,A caravan or other mobile or temporary structure,96
E09000022,Whole house or bungalow: Detached,2726
E09000022,Whole house or bungalow: Semi-detached,10494
E09000022,Whole house or bungalow: Terraced,20194
E09000022,"Flat, maisonette or apartment",101196
E09000022,A caravan or other mobile or temporary structure,78
E09000023,Whole house or bungalow: Detached,3682
E09000023,Whole house or bungalow: Semi-detached,15884
E09000023,Whole house or bungalow: Terraced,32070
E09000023,"Flat, maisonette or apartment",70629
E09000023,A caravan or other mobile or temporary structure,127
E09000024,Whole house or bungalow: Detached,4659
E09000024,Whole house or bungalow: Semi-detached,15514
E09000024,Whole house or bungalow: Terraced,29176
E09000024,"Flat, maisonette or apartment",32326
E09000024,A caravan or other mobile or temporary structure,54
E09000025,Whole house or bungalow: Detached,6337
E09000025,Whole house or bungalow: Semi-detached,11937
E09000025,Whole house or bungalow: Terraced,36118
E09000025,"Flat, maisonette or apartment",60921
E09000025,A caravan or other mobile or temporary structure,199
E09000026,Whole house or bungalow: Detached,7229
E09000026,Whole house or bungalow: Semi-detached,27965
E09000026,Whole house or bungalow: Terraced,33469
E09000026,"Flat, maisonette or apartment",34897
E09000026,A caravan or other mobile or temporary structure,153
E09000027,Whole house or bungalow: Detached,6683
E09000027,Whole house or bungalow: Semi-detached,20164
E09000027,Whole house or bungalow: Terraced,21431
E09000027,"Flat, maisonette or apartment",32233
E09000027,A caravan or other mobile or temporary structure,194
E09000028,Whole house or bungalow: Detached,2377
E09000028,Whole house or bungalow: Semi-detached,7400
E09000028,Whole house or bungalow: Terraced,18764
E09000028,"Flat, maisonette or apartment",102061
E09000028,A caravan or other mobile or temporary structure,216
E09000029,Whole house or bungalow: Detached,8611
E09000029,Whole house or bungalow: Semi-detached,23003
E09000029,Whole house or bungalow: Terraced,20167
E09000029,"Flat, maisonette or apartment",30529
E09000029,A caravan or other mobile or temporary structure,38
E09000030,Whole house or bungalow: Detached,1127
E09000030,Whole house or bungalow: Semi-detached,2744
E09000030,Whole house or bungalow: Terraced,10654
E09000030,"Flat, maisonette or apartment",105823
E09000030,A caravan or other mobile or temporary structure,191
E09000031,Whole house or bungalow: Detached,4241
E09000031,Whole house or bungalow: Semi-detached,16840
E09000031,Whole house or bungalow: Terraced,35667
E09000031,"Flat, maisonette or apartment",46054
E09000031,A caravan or other mobile or temporary structure,101
E09000032,Whole house or bungalow: Detached,3031
E09000032,Whole house or bungalow: Semi-detached,9640
E09000032,Whole house or bungalow: Terraced,30521
E09000032,"Flat, maisonette or apartment",94058
E09000032,A caravan or other mobile or temporary structure,143
E09000033,Whole house or bungalow: Detached,1047
E09000033,Whole house or bungalow: Semi-detached,1735
E09000033,Whole house or bungalow: Terraced,6849
E09000033,"Flat, maisonette or apartment",85094
E09000033,A caravan or other mobile or temporary structure,89
W06000001,Whole house or bungalow: Detached,14623
W06000001,Whole house or bungalow: Semi-detached,7051
W06000001,Whole house or bungalow: Terraced,6827
W06000001,"Flat, maisonette or apartment",2144
W06000001,A caravan or other mobile or temporary structure,177
W06000002,Whole house or bungalow: Detached,17732
W06000002,Whole house or bungalow: Semi-detached,12980
W06000002,Whole house or bungalow: Terraced,15300
W06000002,"Flat, maisonette or apartment",4890
W06000002,A caravan or other mobile or temporary structure,202
W06000003,Whole house or bungalow: Detached,18928
W06000003,Whole house or bungalow: Semi-detached,16541
W06000003,Whole house or bungalow: Terraced,7381
W06000003,"Flat, maisonette or apartment",9233
W06000003,A caravan or other mobile or temporary structure,152
W06000004,Whole house or bungalow: Detached,18520
W06000004,Whole house or bungalow: Semi-detached,13551
W06000004,Whole house or bungalow: Terraced,5433
W06000004,"Flat, maisonette or apartment",4751
W06000004,A caravan or other mobile or temporary structure,129
W06000005,Whole house or bungalow: Detached,25985
W06000005,Whole house or bungalow: Semi-detached,27073
W06000005,Whole house or bungalow: Terraced,9019
W06000005,"Flat, maisonette or apartment",4534
W06000005,A caravan or other mobile or temporary structure,300
W06000006,Whole house or bungalow: Detached,18316
W06000006,Whole house or bungalow: Semi-detached,21801
W06000006,Whole house or bungalow: Terraced,11087
W06000006,"Flat, maisonette or apartment",6604
W06000006,A caravan or other mobile or temporary structure,106
W06000008,Whole house or bungalow: Detached,15661
W06000008,Whole house or bungalow: Semi-detached,7146
W06000008,Whole house or bungalow: Terraced,4342
W06000008,"Flat, maisonette or apartment",3501
W06000008,A caravan or other mobile or temporary structure,245
W06000009,Whole house or bungalow: Detached,23707
W06000009,Whole house or bungalow: Semi-detached,15301
W06000009,Whole house or bungalow: Terraced,10121
W06000009,"Flat, maisonette or apartment",5778
W06000009,A caravan or other mobile or temporary structure,580
W06000010,Whole house or bungalow: Detached,32928
W06000010,Whole house or bungalow: Semi-detached,27390
W06000010,Whole house or bungalow: Terraced,15352
W06000010,"Flat, maisonette or apartment",5635
W06000010,A caravan or other mobile or temporary structure,454
W06000011,Whole house or bungalow: Detached,25167
W06000011,Whole house or bungalow: Semi-detached,36244
W06000011,Whole house or bungalow: Terraced,26665
W06000011,"Flat, maisonette or apartment",16642
W06000011,A caravan or other mobile or temporary structure,243
W06000012,Whole house or bungalow: Detached,13305
W06000012,Whole house or bungalow: Semi-detached,26897
W06000012,Whole house or bungalow: Terraced,15855
W06000012,"Flat, maisonette or apartment",6239
W06000012,A caravan or other mobile or temporary structure,79
W06000013,Whole house or bungalow: Detached,15839
W06000013,Whole house or bungalow: Semi-detached,24570
W06000013,Whole house or bungalow: Terraced,15556
W06000013,"Flat, maisonette or apartment",6254
W06000013,A caravan or other mobile or temporary structure,141
W06000014,Whole house or bungalow: Detached,15949
W06000014,Whole house or bungalow: Semi-detached,17532
W06000014,Whole house or bungalow: Terraced,15091
W06000014,"Flat, maisonette or apartment",8558
W06000014,A caravan or other mobile or temporary structure,320
W06000015,Whole house or bungalow: Detached,20772
W06000015,Whole house or bungalow: Semi-detached,43709
W06000015,Whole house or bungalow: Terraced,43617
W06000015,"Flat, maisonette or apartment",39085
W06000015,A caravan or other mobile or temporary structure,151
W06000016,Whole house or bungalow: Detached,17012
W06000016,Whole house or bungalow: Semi-detached,28717
W06000016,Whole house or bungalow: Terraced,48928
W06000016,"Flat, maisonette or apartment",8588
W06000016,A caravan or other mobile or temporary structure,94
W06000018,Whole house or bungalow: Detached,13093
W06000018,Whole house or bungalow: Semi-detached,30283
W06000018,Whole house or bungalow: Terraced,26464
W06000018,"Flat, maisonette or apartment",6376
W06000018,A caravan or other mobile or temporary structure,41
W06000019,Whole house or bungalow: Detached,3610
W06000019,Whole house or bungalow: Semi-detached,8691
W06000019,Whole house or bungalow: Terraced,15157
W06000019,"Flat, maisonette or apartment",2853
W06000019,A caravan or other mobile or temporary structure,29
W06000020,Whole house or bungalow: Detached,8061
W06000020,Whole house or bungalow: Semi-detached,11220
W06000020,Whole house or bungalow: Terraced,16130
W06000020,"Flat, maisonette or apartment",4748
W06000020,A caravan or other mobile or temporary structure,81
W06000021,Whole house or bungalow: Detached,18030
W06000021,Whole house or bungalow: Semi-detached,11747
W06000021,Whole house or bungalow: Terraced,6829
W06000021,"Flat, maisonette or apartment",4211
W06000021,A caravan or other mobile or temporary structure,108
W06000022,Whole house or bungalow: Detached,13654
W06000022,Whole house or bungalow: Semi-detached,20759
W06000022,Whole house or bungalow: Terraced,20549
W06000022,"Flat, maisonette or apartment",10944
W06000022,A caravan or other mobile or temporary structure,148
W06000023,Whole house or bungalow: Detached,29176
W06000023,Whole house or bungalow: Semi-detached,15351
W06000023,Whole house or bungalow: Terraced,10134
W06000023,"Flat, maisonette or apartment",4982
W06000023,A caravan or other mobile or temporary structure,539
W06000024,Whole house or bungalow: Detached,4329
W06000024,Whole house or bungalow: Semi-detached,7317
W06000024,Whole house or bungalow: Terraced,12197
W06000024,"Flat, maisonette or apartment",1894
W06000024,A caravan or other mobile or temporary structure,46